{"data":[{"name":"Box","x":-0.5,"y":0.34232068061828616,"z":-6.5,"xr":-90.0,"yr":0.0,"zr":0.0,"num":8},{"name":"Box","x":0.5,"y":0.34263110160827639,"z":-5.5,"xr":-90.0,"yr":0.0,"zr":0.0,"num":9},{"name":"Box","x":0.5,"y":1.300194501876831,"z":-5.5,"xr":-90.0,"yr":0.0,"zr":0.0,"num":10}]}
