{"data":[{"name":"Box","x":0.5,"y":0.23815274238586427,"z":-3.5,"xr":-90.0,"yr":0.0,"zr":0.0,"num":12},{"name":"Stairs","x":4.5,"y":-0.21346807479858399,"z":-2.5,"xr":-90.0,"yr":180.0,"zr":0.0,"num":13}]}
