{"data":[{"name":"Stairs","x":3.5,"y":-0.1835041046142578,"z":-5.5,"xr":-90.0,"yr":360.0,"zr":0.0,"num":12},{"name":"Box","x":-0.5,"y":0.3415095806121826,"z":-5.5,"xr":-90.0,"yr":0.0,"zr":0.0,"num":13},{"name":"Box","x":-0.5,"y":0.629055380821228,"z":-12.5,"xr":-90.0,"yr":0.0,"zr":0.0,"num":14}]}
